t,joy_roll,joy_pitch,joy_yaw,gyro_roll,gyro_pitch,gyro_yaw,out_roll,out_pitch,out_yaw
0.0000,0.0000,0.0000,0.0000,0.0000,0.0000,0.0000,0.0000,0.0000,0.0000
0.0167,0.0033,0.0000,0.0523,0.0000,0.0000,71.4038,0.0000,0.0000,238.0126
0.0333,0.0067,0.0000,0.1040,0.0000,0.0000,179.3766,0.0000,0.0000,431.3132
0.0500,0.0100,0.0000,0.1545,0.0000,0.0000,275.0317,0.0000,0.0000,498.2269
0.0667,0.0133,0.0000,0.2034,0.0000,0.0000,352.4438,0.0000,0.0000,533.0720
0.0833,0.0167,0.0000,0.2500,0.0000,0.0000,408.3421,0.0000,0.0000,538.7716
0.1000,0.0200,0.0000,0.2939,0.0000,0.0000,445.1915,0.0000,0.0000,531.1733
0.1167,0.0233,0.0000,0.3346,11.0626,0.0000,465.5839,36.8752,0.0000,513.1662
0.1333,0.0267,0.0000,0.3716,21.0816,0.0000,472.1833,44.4593,0.0000,487.5820
0.1500,0.0300,0.0000,0.4045,30.2516,0.0000,467.0435,51.6483,0.0000,455.0507
0.1667,0.0333,0.0000,0.4330,37.3934,0.0000,451.7219,54.0574,0.0000,415.9715
0.1833,0.0367,0.0000,0.4568,42.8775,0.0000,427.4081,55.6738,0.0000,370.6759
0.2000,0.0400,0.0000,0.4755,46.9626,0.0000,395.0508,56.4947,0.0000,319.5504
0.2167,0.0433,0.0000,0.4891,50.0175,0.0000,355.4656,57.1456,0.0000,263.1001
0.2333,0.0467,0.0000,0.4973,52.3257,0.0000,309.4752,57.7115,0.0000,202.1643
0.2500,0.0500,0.0000,0.5000,54.1144,0.0000,257.9753,58.2879,0.0000,137.8089
0.2667,0.0533,0.0000,0.4973,55.5470,0.0000,201.9696,58.8898,0.0000,71.2895
0.2833,0.0567,0.0000,0.4891,56.7402,0.0000,142.5694,59.5244,0.0000,3.9690
0.3000,0.0600,0.0000,0.4755,57.7745,0.0000,80.9686,60.1877,0.0000,-62.7667
0.3167,0.0633,0.0000,0.4568,58.7046,0.0000,18.3935,60.8751,0.0000,-127.6151
0.3333,0.0667,0.0000,0.4330,59.5677,0.0000,-43.9417,61.5816,0.0000,-189.3905
0.3500,0.0700,0.0000,0.4045,60.3884,0.0000,-104.8908,62.3034,0.0000,-247.1052
0.3667,0.0733,0.0000,0.3716,61.1831,0.0000,-163.4262,63.0372,0.0000,-300.0089
0.3833,0.0767,0.0000,0.3346,61.9624,0.0000,-218.6824,63.7809,0.0000,-347.6133
0.4000,0.0800,0.0000,0.2939,62.7335,0.0000,-269.9850,64.5327,0.0000,-389.6910
0.4167,0.0833,0.0000,0.2500,63.5009,0.0000,-316.8650,65.2914,0.0000,-426.2516
0.4333,0.0867,0.0000,0.2034,64.2675,0.0000,-359.0545,66.0563,0.0000,-457.4969
0.4500,0.0900,0.0000,0.1545,65.0352,0.0000,-396.4664,66.8266,0.0000,-483.7607
0.4667,0.0933,0.0000,0.1040,65.8052,0.0000,-429.1580,67.6018,0.0000,-505.4385
0.4833,0.0967,0.0000,0.0523,66.5782,0.0000,-457.2852,68.3817,0.0000,-522.9154
0.5000,0.1000,0.0000,0.0000,67.3545,0.0000,-436.7751,69.1660,0.0000,-388.9182
0.5167,0.1033,0.0000,-0.0523,68.1345,0.0000,-416.1063,69.9543,0.0000,-367.8789
0.5333,0.1067,0.0000,-0.1040,68.9181,0.0000,-438.5765,70.7466,0.0000,-491.0072
0.5500,0.1100,0.0000,-0.1545,69.7055,0.0000,-460.7534,71.5426,0.0000,-512.4995
0.5667,0.1133,0.0000,-0.2034,70.4965,0.0000,-481.9607,72.3423,0.0000,-531.4442
0.5833,0.1167,0.0000,-0.2500,71.2912,0.0000,-496.2864,73.1454,0.0000,-529.7129
0.6000,0.1200,0.0000,-0.2939,72.0894,0.0000,-503.5538,73.9519,0.0000,-520.5110
0.6167,0.1233,0.0000,-0.3346,72.8911,0.0000,-503.3601,74.7617,0.0000,-502.9082
0.6333,0.1267,0.0000,-0.3716,73.6962,0.0000,-495.9150,75.5747,0.0000,-478.5431
0.6500,0.1300,0.0000,-0.4045,74.5045,0.0000,-481.3435,76.3907,0.0000,-447.3432
0.6667,0.1333,0.0000,-0.4330,75.3161,0.0000,-459.8037,77.2098,0.0000,-409.5442
0.6833,0.1367,0.0000,-0.4568,76.1308,0.0000,-431.4397,78.0318,0.0000,-365.2571
0.7000,0.1400,0.0000,-0.4755,76.9486,0.0000,-396.4647,78.8566,0.0000,-314.8563
0.7167,0.1433,0.0000,-0.4891,77.7693,0.0000,-355.2128,79.6843,0.0000,-258.9582
0.7333,0.1467,0.0000,-0.4973,78.5929,0.0000,-308.1821,80.5147,0.0000,-198.4440
0.7500,0.1500,0.0000,-0.5000,79.4193,0.0000,-256.0538,81.3477,0.0000,-134.4210
0.7667,0.1533,0.0000,-0.4973,80.2485,0.0000,-199.6887,82.1834,0.0000,-68.1703
0.7833,0.1567,0.0000,-0.4891,81.0805,0.0000,-140.1043,83.0216,0.0000,-1.0740
0.8000,0.1600,0.0000,-0.4755,81.9150,0.0000,-78.4320,83.8623,0.0000,65.4702
0.8167,0.1633,0.0000,-0.4568,82.7522,0.0000,-15.8572,84.7056,0.0000,130.1507
0.8333,0.1667,0.0000,-0.4330,83.5919,0.0000,46.4328,85.5512,0.0000,191.7760
0.8500,0.1700,0.0000,-0.4045,84.4341,0.0000,107.3093,86.3993,0.0000,249.3545
0.8667,0.1733,0.0000,-0.3716,85.2788,0.0000,165.7564,87.2497,0.0000,302.1329
0.8833,0.1767,0.0000,-0.3346,86.1259,0.0000,220.9158,88.1025,0.0000,349.6212
0.9000,0.1800,0.0000,-0.2939,86.9754,0.0000,272.1182,88.9575,0.0000,391.5906
0.9167,0.1833,0.0000,-0.2500,87.8272,0.0000,318.8977,89.8148,0.0000,428.0496
0.9333,0.1867,0.0000,-0.2034,88.6814,0.0000,360.9882,90.6744,0.0000,459.1995
0.9500,0.1900,0.0000,-0.1545,89.5378,0.0000,398.3038,91.5362,0.0000,485.3734
0.9667,0.1933,0.0000,-0.1040,90.3965,0.0000,430.9025,92.4002,0.0000,506.9663
0.9833,0.1967,0.0000,-0.0523,91.2575,0.0000,458.9407,93.2664,0.0000,524.3631
1.0000,0.2000,0.6000,-0.0000,92.1206,2093.2229,438.3454,94.1347,6977.4097,390.2898
1.0167,0.2033,0.6000,0.0523,92.9860,1750.5721,417.5948,95.0052,951.0536,369.1767
1.0333,0.2067,0.6000,0.1040,93.8535,1717.7801,439.9881,95.8778,1641.2655,492.2392
1.0500,0.2100,0.6000,0.1545,94.7232,1321.0578,462.0915,96.7525,395.3724,513.6660
1.0667,0.2133,0.6000,0.2034,95.5951,1055.0768,483.2294,97.6294,434.4544,532.5513
1.0833,0.2167,0.6000,0.2500,96.4690,794.1478,497.4892,98.5083,185.3137,530.7620
1.1000,0.2200,0.6000,0.2939,97.3451,610.2103,504.6940,99.3893,181.0227,521.5052
1.1167,0.2233,0.6000,0.3346,98.2233,467.8965,504.4409,100.2724,135.8309,503.8503
1.1333,0.2267,0.6000,0.3716,99.1036,367.0540,496.9394,101.1576,131.7548,479.4358
1.1500,0.2300,0.6000,0.4045,99.9860,293.8860,482.3144,102.0449,123.1606,448.1896
1.1667,0.2333,0.6000,0.4330,100.8705,243.8722,460.7242,102.9342,127.1735,410.3468
1.1833,0.2367,0.6000,0.4568,101.7570,209.6008,432.3123,103.8256,129.6343,366.0180
1.2000,0.2400,0.6000,0.4755,102.6456,186.7422,397.2919,104.7190,133.4055,315.5775
1.2167,0.2433,0.6000,0.4891,103.5362,171.6160,355.9969,105.6145,136.3215,259.6418
1.2333,0.2467,0.6000,0.4973,104.4290,161.7745,308.9254,106.5120,138.8111,199.0919
1.2500,0.2500,0.6000,0.5000,105.3238,155.4590,256.7582,107.4116,140.7228,135.0349
1.2667,0.2533,0.6000,0.4973,106.2206,151.4884,200.3564,108.3132,142.2236,68.7520
1.2833,0.2567,0.6000,0.4891,107.1195,149.0605,140.7370,109.2170,143.3954,1.6251
1.3000,0.2600,0.6000,0.4755,108.0205,147.6418,79.0315,110.1227,144.3316,-64.9480
1.3167,0.2633,0.6000,0.4568,108.9235,146.8780,16.4252,111.0305,145.0959,-129.6559
1.3333,0.2667,0.6000,0.4330,109.8286,146.5356,-45.8945,111.9404,145.7366,-191.3072
1.3500,0.2700,0.6000,0.4045,110.7357,146.4611,-106.7992,112.8524,146.2874,-248.9102
1.3667,0.2733,0.6000,0.3716,111.6449,146.5543,-165.2730,113.7664,146.7716,-301.7118
1.3833,0.2767,0.6000,0.3346,112.5562,146.7496,-220.4577,114.6825,147.2054,-349.2222
1.4000,0.2800,0.6000,0.2939,113.4696,147.0047,-271.6841,115.6007,147.5998,-391.2124
1.4167,0.2833,0.6000,0.2500,114.3850,147.2921,-318.4863,116.5210,147.9626,-427.6913
1.4333,0.2867,0.6000,0.2034,115.3025,147.5942,-360.5983,117.4434,148.2992,-458.8598
1.4500,0.2900,0.6000,0.1545,116.2221,147.9000,-397.9343,118.3678,148.6134,-485.0514
1.4667,0.2933,0.6000,0.1040,117.1438,148.2024,-430.5524,119.2944,148.9080,-506.6612
1.4833,0.2967,0.6000,0.0523,118.0676,148.4972,-458.6088,120.2231,149.1850,-524.0739
1.5000,0.3000,0.6000,0.0000,118.9935,148.7819,-438.0309,121.1539,149.4462,-390.0157
1.5167,0.3033,0.6000,-0.0523,119.9215,149.0551,-417.2968,122.0869,149.6927,-368.9173
1.5333,0.3067,0.6000,-0.1040,120.8516,149.3163,-439.7057,123.0220,149.9256,-491.9930
1.5500,0.3100,0.6000,-0.1545,121.7839,149.5652,-461.8238,123.9592,150.1459,-513.4328
1.5667,0.3133,0.6000,-0.2034,122.7183,149.8019,-482.9757,124.8986,150.3544,-532.3300
1.5833,0.3167,0.6000,-0.2500,123.6549,150.0269,-497.2487,125.8402,150.5517,-530.5523
1.6000,0.3200,0.6000,-0.2939,124.5936,150.2404,-504.4660,126.7839,150.7385,-521.3065
1.6167,0.3233,0.6000,-0.3346,125.5344,150.4429,-504.2248,127.7298,150.9154,-503.6620
1.6333,0.3267,0.6000,-0.3716,126.4775,150.6349,-496.7346,128.6779,151.0830,-479.2574
1.6500,0.3300,0.6000,-0.4045,127.4227,150.8169,-482.1203,129.6283,151.2416,-448.0204
1.6667,0.3333,0.6000,-0.4330,128.3701,150.9894,-460.5401,130.5808,151.3919,-410.1864
1.6833,0.3367,0.6000,-0.4568,129.3198,151.1529,-432.1379,131.5356,151.5343,-365.8659
1.7000,0.3400,0.6000,-0.4755,130.2716,151.3078,-397.1265,132.4926,151.6691,-315.4333
1.7167,0.3433,0.6000,-0.4891,131.2257,151.4545,-355.8401,133.4518,151.7969,-259.5052
1.7333,0.3467,0.6000,-0.4973,132.1820,151.5935,-308.7768,134.4134,151.9178,-198.9623
1.7500,0.3500,0.6000,-0.5000,133.1405,151.7252,-256.6174,135.3771,152.0325,-134.9122
1.7667,0.3533,0.6000,-0.4973,134.1013,151.8499,-200.2229,136.3432,152.1410,-68.6357
1.7833,0.3567,0.6000,-0.4891,135.0644,151.9681,-140.6105,137.3116,152.2439,-1.5149
1.8000,0.3600,0.6000,-0.4755,136.0298,152.0801,-78.9116,138.2822,152.3413,65.0524
1.8167,0.3633,0.6000,-0.4568,136.9974,152.1861,-16.3117,139.2552,152.4336,129.7548
1.8333,0.3667,0.6000,-0.4330,137.9673,152.2866,46.0021,140.2306,152.5210,191.4009
1.8500,0.3700,0.6000,-0.4045,138.9396,152.3817,106.9012,141.2082,152.6038,248.9990
1.8667,0.3733,0.6000,-0.3716,139.9142,152.4719,165.3696,142.1882,152.6822,301.7960
1.8833,0.3767,0.6000,-0.3346,140.8911,152.5573,220.5493,143.1706,152.7565,349.3019
1.9000,0.3800,0.6000,-0.2939,141.8704,152.6382,271.7709,144.1554,152.8269,391.2880
1.9167,0.3833,0.6000,-0.2500,142.8520,152.7148,318.5685,145.1425,152.8936,427.7629
1.9333,0.3867,0.6000,-0.2034,143.8360,152.7874,360.6763,146.1320,152.9568,458.9277
1.9500,0.3900,0.6000,-0.1545,144.8224,152.8562,398.0081,147.1240,153.0166,485.1158
1.9667,0.3933,0.6000,-0.1040,145.8112,152.9213,430.6224,148.1184,153.0733,506.7222
1.9833,0.3967,0.6000,-0.0523,146.8024,152.9830,458.6752,149.1152,153.1270,524.1317
2.0000,0.4000,0.6000,-0.0000,147.7961,153.0415,438.0938,150.1145,153.1779,390.0705
2.0167,0.4000,0.6000,0.0523,136.4717,153.0968,417.3564,110.0483,153.2260,368.9692
2.0333,0.4000,0.6000,0.1040,126.2895,153.1493,439.7621,102.5309,153.2717,492.0422
2.0500,0.4000,0.6000,0.1545,117.0359,153.1990,461.8773,95.4441,153.3149,513.4794
2.0667,0.4000,0.6000,0.2034,110.0274,153.2460,483.0264,93.6742,153.3559,532.3743
2.0833,0.4000,0.6000,0.2500,104.8545,153.2906,497.2968,92.7844,153.3947,530.5942
2.1000,0.4000,0.6000,0.2939,101.2325,153.3329,504.5116,92.7811,153.4314,521.3462
2.1167,0.4000,0.6000,0.3346,98.7532,153.3729,504.2680,92.9684,153.4662,503.6996
2.1333,0.4000,0.6000,0.3716,97.1027,153.4108,496.7755,93.2515,153.4992,479.2931
2.1500,0.4000,0.6000,0.4045,96.0292,153.4467,482.1591,93.5242,153.5305,448.0542
2.1667,0.4000,0.6000,0.4330,95.3513,153.4807,460.5769,93.7695,153.5601,410.2184
2.1833,0.4000,0.6000,0.4568,94.9398,153.5129,432.1727,93.9796,153.5881,365.8963
2.2000,0.4000,0.6000,0.4755,94.7055,153.5434,397.1596,94.1588,153.6146,315.4622
2.2167,0.4000,0.6000,0.4891,94.5875,153.5723,355.8714,94.3122,153.6398,259.5325
2.2333,0.4000,0.6000,0.4973,94.5449,153.5997,308.8065,94.4455,153.6636,198.9882
2.2500,0.4000,0.6000,0.5000,94.5503,153.6257,256.6456,94.5630,153.6862,134.9367
2.2667,0.4000,0.6000,0.4973,94.5857,153.6502,200.2496,94.6682,153.7076,68.6589
2.2833,0.4000,0.6000,0.4891,94.6391,153.6735,140.6358,94.7636,153.7278,1.5370
2.3000,0.4000,0.6000,0.4755,94.7027,153.6956,78.9356,94.8512,153.7470,-65.0316
2.3167,0.4000,0.6000,0.4568,94.7716,153.7165,16.3344,94.9323,153.7652,-129.7351
2.3333,0.4000,0.6000,0.4330,94.8424,153.7363,-45.9806,95.0078,153.7824,-191.3822
2.3500,0.4000,0.6000,0.4045,94.9132,153.7550,-106.8808,95.0784,153.7987,-248.9812
2.3667,0.4000,0.6000,0.3716,94.9827,153.7728,-165.3503,95.1448,153.8142,-301.7792
2.3833,0.4000,0.6000,0.3346,95.0501,153.7896,-220.5310,95.2073,153.8288,-349.2860
2.4000,0.4000,0.6000,0.2939,95.1149,153.8055,-271.7536,95.2663,153.8427,-391.2729
2.4167,0.4000,0.6000,0.2500,95.1771,153.8206,-318.5521,95.3220,153.8558,-427.7486
2.4333,0.4000,0.6000,0.2034,95.2363,153.8349,-360.6607,95.3747,153.8683,-458.9142
2.4500,0.4000,0.6000,0.1545,95.2928,153.8484,-397.9934,95.4245,153.8800,-485.1029
2.4667,0.4000,0.6000,0.1040,95.3464,153.8613,-430.6084,95.4716,153.8912,-506.7100
2.4833,0.4000,0.6000,0.0523,95.3974,153.8734,-458.6619,95.5163,153.9018,-524.1202
2.5000,0.4000,0.6000,0.0000,95.4457,153.8849,-438.0812,95.5585,153.9118,-390.0595
2.5167,0.4000,0.6000,-0.0523,95.4916,153.8959,-417.3445,95.5985,153.9213,-368.9588
2.5333,0.4000,0.6000,-0.1040,95.5350,153.9062,-439.7509,95.6364,153.9303,-492.0324
2.5500,0.4000,0.6000,-0.1545,95.5762,153.9160,-461.8666,95.6723,153.9388,-513.4701
2.5667,0.4000,0.6000,-0.2034,95.6153,153.9252,-483.0163,95.7064,153.9469,-532.3654
2.5833,0.4000,0.6000,-0.2500,95.6523,153.9340,-497.2871,95.7386,153.9545,-530.5859
2.6000,0.4000,0.6000,-0.2939,95.6873,153.9423,-504.5025,95.7691,153.9618,-521.3383
2.6167,0.4000,0.6000,-0.3346,95.7205,153.9502,-504.2594,95.7980,153.9686,-503.6921
2.6333,0.4000,0.6000,-0.3716,95.7520,153.9577,-496.7673,95.8253,153.9751,-479.2859
2.6500,0.4000,0.6000,-0.4045,95.7818,153.9648,-482.1514,95.8513,153.9813,-448.0475
2.6667,0.4000,0.6000,-0.4330,95.8100,153.9715,-460.5696,95.8758,153.9871,-410.2120
2.6833,0.4000,0.6000,-0.4568,95.8367,153.9778,-432.1658,95.8991,153.9926,-365.8902
2.7000,0.4000,0.6000,-0.4755,95.8621,153.9838,-397.1529,95.9212,153.9978,-315.4564
2.7167,0.4000,0.6000,-0.4891,95.8860,153.9895,-355.8652,95.9420,154.0028,-259.5270
2.7333,0.4000,0.6000,-0.4973,95.9088,153.9949,-308.8005,95.9618,154.0075,-198.9831
2.7500,0.4000,0.6000,-0.5000,95.9303,154.0000,-256.6399,95.9806,154.0119,-134.9318
2.7667,0.4000,0.6000,-0.4973,95.9507,154.0049,-200.2442,95.9983,154.0161,-68.6543
2.7833,0.4000,0.6000,-0.4891,95.9700,154.0094,-140.6307,96.0151,154.0201,-1.5326
2.8000,0.4000,0.6000,-0.4755,95.9883,154.0138,-78.9308,96.0310,154.0239,65.0357
2.8167,0.4000,0.6000,-0.4568,96.0057,154.0179,-16.3298,96.0461,154.0275,129.7390
2.8333,0.4000,0.6000,-0.4330,96.0221,154.0218,45.9849,96.0604,154.0309,191.3859
2.8500,0.4000,0.6000,-0.4045,96.0377,154.0255,106.8849,96.0740,154.0341,248.9848
2.8667,0.4000,0.6000,-0.3716,96.0524,154.0290,165.3542,96.0868,154.0371,301.7825
2.8833,0.4000,0.6000,-0.3346,96.0664,154.0323,220.5347,96.0989,154.0400,349.2892
2.9000,0.4000,0.6000,-0.2939,96.0796,154.0354,271.7570,96.1104,154.0428,391.2759
2.9167,0.4000,0.6000,-0.2500,96.0921,154.0384,318.5554,96.1214,154.0453,427.7514
2.9333,0.4000,0.6000,-0.2034,96.1040,154.0412,360.6638,96.1317,154.0478,458.9169
2.9500,0.4000,0.6000,-0.1545,96.1152,154.0439,397.9963,96.1415,154.0501,485.1055
2.9667,0.4000,0.6000,-0.1040,96.1259,154.0464,430.6112,96.1507,154.0523,506.7125
2.9833,0.4000,0.6000,-0.0523,96.1360,154.0488,458.6646,96.1595,154.0544,524.1225
3.0000,0.4000,0.6000,-0.0000,96.1455,154.0511,438.0837,96.1678,154.0564,390.0617
3.0167,0.4000,0.6000,0.0523,96.1546,154.0532,417.3469,96.1757,154.0582,368.9609
3.0333,0.4000,0.6000,0.1040,96.1632,154.0553,439.7531,96.1832,154.0600,492.0343
3.0500,0.4000,0.6000,0.1545,96.1713,154.0572,461.8688,96.1902,154.0617,513.4720
3.0667,0.4000,0.6000,0.2034,96.1790,154.0590,483.0183,96.1969,154.0633,532.3672
3.0833,0.4000,0.6000,0.2500,96.1863,154.0608,497.2891,96.2033,154.0648,530.5875
3.1000,0.4000,0.6000,0.2939,96.1932,154.0624,504.5043,96.2093,154.0662,521.3399
3.1167,0.4000,0.6000,0.3346,96.1997,154.0639,504.2611,96.2150,154.0676,503.6936
3.1333,0.4000,0.6000,0.3716,96.2059,154.0654,496.7690,96.2204,154.0688,479.2874
3.1500,0.4000,0.6000,0.4045,96.2118,154.0668,482.1529,96.2255,154.0701,448.0488
3.1667,0.4000,0.6000,0.4330,96.2173,154.0681,460.5710,96.2303,154.0712,410.2133
3.1833,0.4000,0.6000,0.4568,96.2226,154.0694,432.1672,96.2349,154.0723,365.8914
3.2000,0.4000,0.6000,0.4755,96.2276,154.0706,397.1543,96.2392,154.0733,315.4575
3.2167,0.4000,0.6000,0.4891,96.2323,154.0717,355.8664,96.2433,154.0743,259.5281
3.2333,0.4000,0.6000,0.4973,96.2368,154.0727,308.8017,96.2472,154.0752,198.9841
3.2500,0.4000,0.6000,0.5000,96.2410,154.0737,256.6411,96.2509,154.0761,134.9328
3.2667,0.4000,0.6000,0.4973,96.2451,154.0747,200.2453,96.2544,154.0769,68.6552
3.2833,0.4000,0.6000,0.4891,96.2489,154.0756,140.6317,96.2577,154.0777,1.5334
3.3000,0.4000,0.6000,0.4755,96.2525,154.0765,78.9318,96.2609,154.0785,-65.0349
3.3167,0.4000,0.6000,0.4568,96.2559,154.0773,16.3308,96.2639,154.0792,-129.7382
3.3333,0.4000,0.6000,0.4330,96.2591,154.0780,-45.9840,96.2667,154.0798,-191.3852
3.3500,0.4000,0.6000,0.4045,96.2622,154.0788,-106.8840,96.2693,154.0805,-248.9841
3.3667,0.4000,0.6000,0.3716,96.2651,154.0795,-165.3534,96.2719,154.0811,-301.7819
3.3833,0.4000,0.6000,0.3346,96.2678,154.0801,-220.5339,96.2743,154.0816,-349.2885
3.4000,0.4000,0.6000,0.2939,96.2704,154.0807,-271.7564,96.2765,154.0822,-391.2753
3.4167,0.4000,0.6000,0.2500,96.2729,154.0813,-318.5547,96.2787,154.0827,-427.7509
3.4333,0.4000,0.6000,0.2034,96.2752,154.0819,-360.6632,96.2807,154.0832,-458.9163
3.4500,0.4000,0.6000,0.1545,96.2775,154.0824,-397.9957,96.2826,154.0836,-485.1050
3.4667,0.4000,0.6000,0.1040,96.2796,154.0829,-430.6106,96.2845,154.0841,-506.7120
3.4833,0.4000,0.6000,0.0523,96.2815,154.0834,-458.6640,96.2862,154.0845,-524.1220
3.5000,0.4000,0.6000,0.0000,96.2834,154.0838,-438.0832,96.2878,154.0849,-390.0613
3.5167,0.4000,0.6000,-0.0523,96.2852,154.0842,-417.3464,96.2894,154.0852,-368.9605
3.5333,0.4000,0.6000,-0.1040,96.2869,154.0846,-439.7527,96.2908,154.0856,-492.0339
3.5500,0.4000,0.6000,-0.1545,96.2885,154.0850,-461.8683,96.2922,154.0859,-513.4716
3.5667,0.4000,0.6000,-0.2034,96.2900,154.0854,-483.0179,96.2936,154.0862,-532.3669
3.5833,0.4000,0.6000,-0.2500,96.2915,154.0857,-497.2887,96.2948,154.0865,-530.5872
3.6000,0.4000,0.6000,-0.2939,96.2928,154.0860,-504.5039,96.2960,154.0868,-521.3396
3.6167,0.4000,0.6000,-0.3346,96.2941,154.0863,-504.2608,96.2971,154.0871,-503.6933
3.6333,0.4000,0.6000,-0.3716,96.2953,154.0866,-496.7686,96.2982,154.0873,-479.2871
3.6500,0.4000,0.6000,-0.4045,96.2965,154.0869,-482.1526,96.2992,154.0875,-448.0485
3.6667,0.4000,0.6000,-0.4330,96.2976,154.0872,-460.5707,96.3001,154.0878,-410.2130
3.6833,0.4000,0.6000,-0.4568,96.2986,154.0874,-432.1669,96.3010,154.0880,-365.8912
3.7000,0.4000,0.6000,-0.4755,96.2996,154.0876,-397.1540,96.3019,154.0882,-315.4573
3.7167,0.4000,0.6000,-0.4891,96.3005,154.0879,-355.8662,96.3027,154.0884,-259.5279
3.7333,0.4000,0.6000,-0.4973,96.3014,154.0881,-308.8015,96.3035,154.0886,-198.9839
3.7500,0.4000,0.6000,-0.5000,96.3022,154.0883,-256.6408,96.3042,154.0887,-134.9326
3.7667,0.4000,0.6000,-0.4973,96.3030,154.0885,-200.2451,96.3049,154.0889,-68.6550
3.7833,0.4000,0.6000,-0.4891,96.3038,154.0886,-140.6315,96.3055,154.0891,-1.5333
3.8000,0.4000,0.6000,-0.4755,96.3045,154.0888,-78.9316,96.3061,154.0892,65.0351
3.8167,0.4000,0.6000,-0.4568,96.3052,154.0890,-16.3306,96.3067,154.0893,129.7384
3.8333,0.4000,0.6000,-0.4330,96.3058,154.0891,45.9842,96.3073,154.0895,191.3853
3.8500,0.4000,0.6000,-0.4045,96.3064,154.0893,106.8842,96.3078,154.0896,248.9842
3.8667,0.4000,0.6000,-0.3716,96.3070,154.0894,165.3535,96.3083,154.0897,301.7820
3.8833,0.4000,0.6000,-0.3346,96.3075,154.0895,220.5341,96.3088,154.0898,349.2887
3.9000,0.4000,0.6000,-0.2939,96.3080,154.0896,271.7565,96.3092,154.0899,391.2755
3.9167,0.4000,0.6000,-0.2500,96.3085,154.0898,318.5548,96.3097,154.0900,427.7510
3.9333,0.4000,0.6000,-0.2034,96.3090,154.0899,360.6633,96.3101,154.0901,458.9164
3.9500,0.4000,0.6000,-0.1545,96.3094,154.0900,397.9959,96.3104,154.0902,485.1051
3.9667,0.4000,0.6000,-0.1040,96.3098,154.0901,430.6107,96.3108,154.0903,506.7121
3.9833,0.4000,0.6000,-0.0523,96.3102,154.0902,458.6641,96.3111,154.0904,524.1221
4.0000,0.4000,0.6000,-0.0000,96.3106,154.0903,438.0833,96.3115,154.0905,390.0614
4.0167,0.4000,0.6000,0.0523,96.3109,154.0903,417.3465,96.3118,154.0905,368.9606
4.0333,0.4000,0.6000,0.1040,96.3113,154.0904,439.7528,96.3121,154.0906,492.0340
4.0500,0.4000,0.6000,0.1545,96.3116,154.0905,461.8684,96.3123,154.0907,513.4717
4.0667,0.4000,0.6000,0.2034,96.3119,154.0906,483.0180,96.3126,154.0907,532.3669
4.0833,0.4000,0.6000,0.2500,96.3122,154.0906,497.2888,96.3128,154.0908,530.5873
4.1000,0.4000,0.6000,0.2939,96.3124,154.0907,504.5040,96.3131,154.0908,521.3396
4.1167,0.4000,0.6000,0.3346,96.3127,154.0908,504.2608,96.3133,154.0909,503.6934
4.1333,0.4000,0.6000,0.3716,96.3129,154.0908,496.7687,96.3135,154.0909,479.2871
4.1500,0.4000,0.6000,0.4045,96.3132,154.0909,482.1527,96.3137,154.0910,448.0486
4.1667,0.4000,0.6000,0.4330,96.3134,154.0909,460.5708,96.3139,154.0910,410.2131
4.1833,0.4000,0.6000,0.4568,96.3136,154.0910,432.1669,96.3141,154.0911,365.8912
4.2000,0.4000,0.6000,0.4755,96.3138,154.0910,397.1541,96.3142,154.0911,315.4574
4.2167,0.4000,0.6000,0.4891,96.3140,154.0911,355.8662,96.3144,154.0912,259.5280
4.2333,0.4000,0.6000,0.4973,96.3141,154.0911,308.8015,96.3145,154.0912,198.9839
4.2500,0.4000,0.6000,0.5000,96.3143,154.0911,256.6409,96.3147,154.0912,134.9326
4.2667,0.4000,0.6000,0.4973,96.3145,154.0912,200.2451,96.3148,154.0913,68.6551
4.2833,0.4000,0.6000,0.4891,96.3146,154.0912,140.6316,96.3149,154.0913,1.5333
4.3000,0.4000,0.6000,0.4755,96.3147,154.0912,78.9316,96.3151,154.0913,-65.0350
4.3167,0.4000,0.6000,0.4568,96.3149,154.0913,16.3306,96.3152,154.0913,-129.7384
4.3333,0.4000,0.6000,0.4330,96.3150,154.0913,-45.9842,96.3153,154.0914,-191.3853
4.3500,0.4000,0.6000,0.4045,96.3151,154.0913,-106.8842,96.3154,154.0914,-248.9842
4.3667,0.4000,0.6000,0.3716,96.3152,154.0914,-165.3535,96.3155,154.0914,-301.7820
4.3833,0.4000,0.6000,0.3346,96.3153,154.0914,-220.5340,96.3156,154.0914,-349.2886
4.4000,0.4000,0.6000,0.2939,96.3154,154.0914,-271.7565,96.3157,154.0915,-391.2754
4.4167,0.4000,0.6000,0.2500,96.3155,154.0914,-318.5548,96.3158,154.0915,-427.7510
4.4333,0.4000,0.6000,0.2034,96.3156,154.0914,-360.6633,96.3158,154.0915,-458.9164
4.4500,0.4000,0.6000,0.1545,96.3157,154.0915,-397.9958,96.3159,154.0915,-485.1051
4.4667,0.4000,0.6000,0.1040,96.3158,154.0915,-430.6107,96.3160,154.0915,-506.7121
4.4833,0.4000,0.6000,0.0523,96.3159,154.0915,-458.6641,96.3160,154.0915,-524.1221
4.5000,0.4000,0.6000,0.0000,96.3159,154.0915,-438.0833,96.3161,154.0916,-390.0614
4.5167,0.4000,0.6000,-0.0523,96.3160,154.0915,-417.3465,96.3162,154.0916,-368.9606
4.5333,0.4000,0.6000,-0.1040,96.3161,154.0916,-439.7527,96.3162,154.0916,-492.0340
4.5500,0.4000,0.6000,-0.1545,96.3161,154.0916,-461.8684,96.3163,154.0916,-513.4717
4.5667,0.4000,0.6000,-0.2034,96.3162,154.0916,-483.0180,96.3163,154.0916,-532.3669
4.5833,0.4000,0.6000,-0.2500,96.3163,154.0916,-497.2887,96.3164,154.0916,-530.5872
4.6000,0.4000,0.6000,-0.2939,96.3163,154.0916,-504.5040,96.3164,154.0916,-521.3396
4.6167,0.4000,0.6000,-0.3346,96.3164,154.0916,-504.2608,96.3165,154.0917,-503.6933
4.6333,0.4000,0.6000,-0.3716,96.3164,154.0916,-496.7687,96.3165,154.0917,-479.2871
4.6500,0.4000,0.6000,-0.4045,96.3164,154.0916,-482.1527,96.3166,154.0917,-448.0486
4.6667,0.4000,0.6000,-0.4330,96.3165,154.0917,-460.5708,96.3166,154.0917,-410.2131
4.6833,0.4000,0.6000,-0.4568,96.3165,154.0917,-432.1669,96.3166,154.0917,-365.8912
4.7000,0.4000,0.6000,-0.4755,96.3166,154.0917,-397.1540,96.3167,154.0917,-315.4573
4.7167,0.4000,0.6000,-0.4891,96.3166,154.0917,-355.8662,96.3167,154.0917,-259.5279
4.7333,0.4000,0.6000,-0.4973,96.3166,154.0917,-308.8015,96.3167,154.0917,-198.9839
4.7500,0.4000,0.6000,-0.5000,96.3167,154.0917,-256.6409,96.3167,154.0917,-134.9326
4.7667,0.4000,0.6000,-0.4973,96.3167,154.0917,-200.2451,96.3168,154.0917,-68.6551
4.7833,0.4000,0.6000,-0.4891,96.3167,154.0917,-140.6316,96.3168,154.0917,-1.5333
4.8000,0.4000,0.6000,-0.4755,96.3168,154.0917,-78.9316,96.3168,154.0917,65.0350
4.8167,0.4000,0.6000,-0.4568,96.3168,154.0917,-16.3306,96.3168,154.0917,129.7384
4.8333,0.4000,0.6000,-0.4330,96.3168,154.0917,45.9842,96.3169,154.0917,191.3853
4.8500,0.4000,0.6000,-0.4045,96.3168,154.0917,106.8842,96.3169,154.0917,248.9842
4.8667,0.4000,0.6000,-0.3716,96.3169,154.0917,165.3535,96.3169,154.0918,301.7820
4.8833,0.4000,0.6000,-0.3346,96.3169,154.0917,220.5341,96.3169,154.0918,349.2886
4.9000,0.4000,0.6000,-0.2939,96.3169,154.0918,271.7565,96.3169,154.0918,391.2754
4.9167,0.4000,0.6000,-0.2500,96.3169,154.0918,318.5548,96.3170,154.0918,427.7510
4.9333,0.4000,0.6000,-0.2034,96.3169,154.0918,360.6633,96.3170,154.0918,458.9164
4.9500,0.4000,0.6000,-0.1545,96.3169,154.0918,397.9958,96.3170,154.0918,485.1051
4.9667,0.4000,0.6000,-0.1040,96.3170,154.0918,430.6107,96.3170,154.0918,506.7121
4.9833,0.4000,0.6000,-0.0523,96.3170,154.0918,458.6641,96.3170,154.0918,524.1221
