t,joy_roll,joy_pitch,joy_yaw,target_roll,target_pitch,target_yaw,gyro_roll,gyro_pitch,gyro_yaw,out_roll,out_pitch,out_yaw
0.0000,0.0000,0.0000,0.0000,0.0000,0.0000,0.0000,0.0000,0.0000,0.0000,0.0000,0.0000,0.0000
0.0167,0.0033,0.0000,0.0523,0.0000,0.0000,5.1277,0.0000,0.0000,71.4038,0.0000,0.0000,238.0126
0.0333,0.0067,0.0000,0.1040,0.0000,0.0000,15.9964,0.0000,0.0000,179.3766,0.0000,0.0000,431.3132
0.0500,0.0100,0.0000,0.1545,0.0000,0.0000,29.6847,0.0000,0.0000,275.0317,0.0000,0.0000,498.2269
0.0667,0.0133,0.0000,0.2034,0.0000,0.0000,44.6300,0.0000,0.0000,352.4438,0.0000,0.0000,533.0720
0.0833,0.0167,0.0000,0.2500,0.0000,0.0000,59.9604,0.0000,0.0000,408.3421,0.0000,0.0000,538.7716
0.1000,0.0200,0.0000,0.2939,0.0000,0.0000,75.1517,0.0000,0.0000,445.1915,0.0000,0.0000,531.1733
0.1167,0.0233,0.0000,0.3346,0.7944,0.0000,89.8510,11.0626,0.0000,465.5839,36.8752,0.0000,513.1662
0.1333,0.0267,0.0000,0.3716,1.9967,0.0000,103.7876,21.0816,0.0000,472.1833,44.4593,0.0000,487.5820
0.1500,0.0300,0.0000,0.4045,3.4085,0.0000,116.7298,30.2516,0.0000,467.0435,51.6483,0.0000,455.0507
0.1667,0.0333,0.0000,0.4330,4.9278,0.0000,128.4661,37.3934,0.0000,451.7219,54.0574,0.0000,415.9715
0.1833,0.0367,0.0000,0.4568,6.5024,0.0000,138.7991,42.8775,0.0000,427.4081,55.6738,0.0000,370.6759
0.2000,0.0400,0.0000,0.4755,8.1055,0.0000,147.5475,46.9626,0.0000,395.0508,56.4947,0.0000,319.5504
0.2167,0.0433,0.0000,0.4891,9.7232,0.0000,154.5505,50.0175,0.0000,355.4656,57.1456,0.0000,263.1001
0.2333,0.0467,0.0000,0.4973,11.3486,0.0000,159.6742,52.3257,0.0000,309.4752,57.7115,0.0000,202.1643
0.2500,0.0500,0.0000,0.5000,12.9780,0.0000,162.8179,54.1144,0.0000,257.9753,58.2879,0.0000,137.8089
0.2667,0.0533,0.0000,0.4973,14.6097,0.0000,163.9188,55.5470,0.0000,201.9696,58.8898,0.0000,71.2895
0.2833,0.0567,0.0000,0.4891,16.2425,0.0000,162.9558,56.7402,0.0000,142.5694,59.5244,0.0000,3.9690
0.3000,0.0600,0.0000,0.4755,17.8762,0.0000,159.9500,57.7745,0.0000,80.9686,60.1877,0.0000,-62.7667
0.3167,0.0633,0.0000,0.4568,19.5105,0.0000,154.9635,58.7046,0.0000,18.3935,60.8751,0.0000,-127.6151
0.3333,0.0667,0.0000,0.4330,21.1452,0.0000,148.0959,59.5677,0.0000,-43.9417,61.5816,0.0000,-189.3905
0.3500,0.0700,0.0000,0.4045,22.7804,0.0000,139.4785,60.3884,0.0000,-104.8908,62.3034,0.0000,-247.1052
0.3667,0.0733,0.0000,0.3716,24.4160,0.0000,129.2672,61.1831,0.0000,-163.4262,63.0372,0.0000,-300.0089
0.3833,0.0767,0.0000,0.3346,26.0520,0.0000,117.6348,61.9624,0.0000,-218.6824,63.7809,0.0000,-347.6133
0.4000,0.0800,0.0000,0.2939,27.6885,0.0000,104.7627,62.7335,0.0000,-269.9850,64.5327,0.0000,-389.6910
0.4167,0.0833,0.0000,0.2500,29.3255,0.0000,90.8336,63.5009,0.0000,-316.8650,65.2914,0.0000,-426.2516
0.4333,0.0867,0.0000,0.2034,30.9630,0.0000,76.0248,64.2675,0.0000,-359.0545,66.0563,0.0000,-457.4969
0.4500,0.0900,0.0000,0.1545,32.6011,0.0000,60.5044,65.0352,0.0000,-396.4664,66.8266,0.0000,-483.7607
0.4667,0.0933,0.0000,0.1040,34.2397,0.0000,44.4277,65.8052,0.0000,-429.1580,67.6018,0.0000,-505.4385
0.4833,0.0967,0.0000,0.0523,35.8789,0.0000,27.9376,66.5782,0.0000,-457.2852,68.3817,0.0000,-522.9154
0.5000,0.1000,0.0000,0.0000,37.5187,0.0000,14.3437,67.3545,0.0000,-436.7751,69.1660,0.0000,-388.9182
0.5167,0.1033,0.0000,-0.0523,39.1592,0.0000,2.2366,68.1345,0.0000,-416.1063,69.9543,0.0000,-367.8789
0.5333,0.1067,0.0000,-0.1040,40.8003,0.0000,-12.2154,68.9181,0.0000,-438.5765,70.7466,0.0000,-491.0072
0.5500,0.1100,0.0000,-0.1545,42.4422,0.0000,-27.7435,69.7055,0.0000,-460.7534,71.5426,0.0000,-512.4995
0.5667,0.1133,0.0000,-0.2034,44.0848,0.0000,-43.6333,70.4965,0.0000,-481.9607,72.3423,0.0000,-531.4442
0.5833,0.1167,0.0000,-0.2500,45.7281,0.0000,-59.4487,71.2912,0.0000,-496.2864,73.1454,0.0000,-529.7129
0.6000,0.1200,0.0000,-0.2939,47.3723,0.0000,-74.8890,72.0894,0.0000,-503.5538,73.9519,0.0000,-520.5110
0.6167,0.1233,0.0000,-0.3346,49.0172,0.0000,-89.7161,72.8911,0.0000,-503.3601,74.7617,0.0000,-502.9082
0.6333,0.1267,0.0000,-0.3716,50.6631,0.0000,-103.7184,73.6962,0.0000,-495.9150,75.5747,0.0000,-478.5431
0.6500,0.1300,0.0000,-0.4045,52.3097,0.0000,-116.6943,74.5045,0.0000,-481.3435,76.3907,0.0000,-447.3432
0.6667,0.1333,0.0000,-0.4330,53.9573,0.0000,-128.4478,75.3161,0.0000,-459.8037,77.2098,0.0000,-409.5442
0.6833,0.1367,0.0000,-0.4568,55.6059,0.0000,-138.7898,76.1308,0.0000,-431.4397,78.0318,0.0000,-365.2571
0.7000,0.1400,0.0000,-0.4755,57.2554,0.0000,-147.5427,76.9486,0.0000,-396.4647,78.8566,0.0000,-314.8563
0.7167,0.1433,0.0000,-0.4891,58.9058,0.0000,-154.5480,77.7693,0.0000,-355.2128,79.6843,0.0000,-258.9582
0.7333,0.1467,0.0000,-0.4973,60.5574,0.0000,-159.6729,78.5929,0.0000,-308.1821,80.5147,0.0000,-198.4440
0.7500,0.1500,0.0000,-0.5000,62.2099,0.0000,-162.8172,79.4193,0.0000,-256.0538,81.3477,0.0000,-134.4210
0.7667,0.1533,0.0000,-0.4973,63.8635,0.0000,-163.9185,80.2485,0.0000,-199.6887,82.1834,0.0000,-68.1703
0.7833,0.1567,0.0000,-0.4891,65.5182,0.0000,-162.9556,81.0805,0.0000,-140.1043,83.0216,0.0000,-1.0740
0.8000,0.1600,0.0000,-0.4755,67.1741,0.0000,-159.9499,81.9150,0.0000,-78.4320,83.8623,0.0000,65.4702
0.8167,0.1633,0.0000,-0.4568,68.8311,0.0000,-154.9635,82.7522,0.0000,-15.8572,84.7056,0.0000,130.1507
0.8333,0.1667,0.0000,-0.4330,70.4893,0.0000,-148.0959,83.5919,0.0000,46.4328,85.5512,0.0000,191.7760
0.8500,0.1700,0.0000,-0.4045,72.1488,0.0000,-139.4785,84.4341,0.0000,107.3093,86.3993,0.0000,249.3545
0.8667,0.1733,0.0000,-0.3716,73.8094,0.0000,-129.2672,85.2788,0.0000,165.7564,87.2497,0.0000,302.1329
0.8833,0.1767,0.0000,-0.3346,75.4714,0.0000,-117.6348,86.1259,0.0000,220.9158,88.1025,0.0000,349.6212
0.9000,0.1800,0.0000,-0.2939,77.1346,0.0000,-104.7627,86.9754,0.0000,272.1182,88.9575,0.0000,391.5906
0.9167,0.1833,0.0000,-0.2500,78.7992,0.0000,-90.8336,87.8272,0.0000,318.8977,89.8148,0.0000,428.0496
0.9333,0.1867,0.0000,-0.2034,80.4651,0.0000,-76.0248,88.6814,0.0000,360.9882,90.6744,0.0000,459.1995
0.9500,0.1900,0.0000,-0.1545,82.1324,0.0000,-60.5044,89.5378,0.0000,398.3038,91.5362,0.0000,485.3734
0.9667,0.1933,0.0000,-0.1040,83.8012,0.0000,-44.4277,90.3965,0.0000,430.9025,92.4002,0.0000,506.9663
0.9833,0.1967,0.0000,-0.0523,85.4713,0.0000,-27.9376,91.2575,0.0000,458.9407,93.2664,0.0000,524.3631
1.0000,0.2000,0.6000,-0.0000,87.1430,150.3337,-14.3437,92.1206,180.0000,438.3454,94.1347,600.0000,390.2898
1.0167,0.2033,0.6000,0.0523,88.8161,227.5176,-2.2366,92.9860,306.0000,417.5948,95.0052,600.0000,369.1767
1.0333,0.2067,0.6000,0.1040,90.4908,267.1451,12.2154,93.8535,394.2000,439.9881,95.8778,600.0000,492.2392
1.0500,0.2100,0.6000,0.1545,92.1671,287.4905,27.7435,94.7232,455.9400,462.0915,96.7525,600.0000,513.6660
1.0667,0.2133,0.6000,0.2034,93.8449,297.9362,43.6333,95.5951,499.1580,483.2294,97.6294,600.0000,532.5513
1.0833,0.2167,0.6000,0.2500,95.5243,303.2992,59.4487,96.4690,414.2259,497.4892,98.5083,216.0511,530.7620
1.1000,0.2200,0.6000,0.2939,97.2054,306.0527,74.8890,97.3451,353.4597,504.6940,99.3893,211.6718,521.5052
1.1167,0.2233,0.6000,0.3346,98.8881,307.4664,89.7161,98.2233,294.0738,504.4409,100.2724,155.5066,503.8503
1.1333,0.2267,0.6000,0.3716,100.5726,308.1922,103.7184,99.1036,250.8569,496.9394,101.1576,150.0175,479.4358
1.1500,0.2300,0.6000,0.4045,102.2587,308.5648,116.6943,99.9860,218.1198,482.3144,102.0449,141.7332,448.1896
1.1667,0.2333,0.6000,0.4330,103.9467,308.7561,128.4478,100.8705,195.1871,460.7242,102.9342,141.6776,410.3468
1.1833,0.2367,0.6000,0.4568,105.6364,308.8544,138.7898,101.7570,179.2109,432.3123,103.8256,141.9331,366.0180
1.2000,0.2400,0.6000,0.4755,107.3279,308.9048,147.5427,102.6456,168.4207,397.2919,104.7190,143.2437,315.5775
1.2167,0.2433,0.6000,0.4891,109.0213,308.9307,154.5480,103.5362,161.2277,355.9969,105.6145,144.4438,259.6418
1.2333,0.2467,0.6000,0.4973,110.7165,308.9440,159.6729,104.4290,156.5276,308.9254,106.5120,145.5606,199.0919
1.2500,0.2500,0.6000,0.5000,112.4136,308.9508,162.8172,105.3238,153.5122,256.7582,107.4116,146.4763,135.0349
1.2667,0.2533,0.6000,0.4973,114.1127,308.9543,163.9185,106.2206,151.6267,200.3564,108.3132,147.2274,68.7520
1.2833,0.2567,0.6000,0.4891,115.8137,308.9561,162.9556,107.1195,150.4898,140.7370,109.2170,147.8371,1.6251
1.3000,0.2600,0.6000,0.4755,117.5166,308.9570,159.9499,108.0205,149.8447,79.0315,110.1227,148.3396,-64.9480
1.3167,0.2633,0.6000,0.4568,119.2216,308.9575,154.9635,108.9235,149.5195,16.4252,111.0305,148.7607,-129.6559
1.3333,0.2667,0.6000,0.4330,120.9287,308.9577,148.0959,109.8286,149.4001,-45.8945,111.9404,149.1215,-191.3072
1.3500,0.2700,0.6000,0.4045,122.6378,308.9579,139.4785,110.7357,149.4112,-106.7992,112.8524,149.4369,-248.9102
1.3667,0.2733,0.6000,0.3716,124.3490,308.9579,129.2672,111.6449,149.5031,-165.2730,113.7664,149.7178,-301.7118
1.3833,0.2767,0.6000,0.3346,126.0623,308.9580,117.6348,112.5562,149.6438,-220.4577,114.6825,149.9719,-349.2222
1.4000,0.2800,0.6000,0.2939,127.7778,308.9580,104.7627,113.4696,149.8120,-271.6841,115.6007,150.2046,-391.2124
1.4167,0.2833,0.6000,0.2500,129.4954,308.9580,90.8336,114.3850,149.9943,-318.4863,116.5210,150.4197,-427.6913
1.4333,0.2867,0.6000,0.2034,131.2153,308.9580,76.0248,115.3025,150.1820,-360.5983,117.4434,150.6200,-458.8598
1.4500,0.2900,0.6000,0.1545,132.9374,308.9580,60.5044,116.2221,150.3697,-397.9343,118.3678,150.8074,-485.0514
1.4667,0.2933,0.6000,0.1040,134.6617,308.9580,44.4277,117.1438,150.5538,-430.5524,119.2944,150.9835,-506.6612
1.4833,0.2967,0.6000,0.0523,136.3884,308.9580,27.9376,118.0676,150.7324,-458.6088,120.2231,151.1492,-524.0739
1.5000,0.3000,0.6000,0.0000,138.1174,308.9580,14.3437,118.9935,150.9044,-438.0309,121.1539,151.3056,-390.0157
1.5167,0.3033,0.6000,-0.0523,139.8487,308.9580,2.2366,119.9215,151.0690,-417.2968,122.0869,151.4533,-368.9173
1.5333,0.3067,0.6000,-0.1040,141.5824,308.9580,-12.2154,120.8516,151.2262,-439.7057,123.0220,151.5929,-491.9930
1.5500,0.3100,0.6000,-0.1545,143.3185,308.9580,-27.7435,121.7839,151.3758,-461.8238,123.9592,151.7250,-513.4328
1.5667,0.3133,0.6000,-0.2034,145.0571,308.9580,-43.6333,122.7183,151.5181,-482.9757,124.8986,151.8500,-532.3300
1.5833,0.3167,0.6000,-0.2500,146.7981,308.9580,-59.4487,123.6549,151.6531,-497.2487,125.8402,151.9683,-530.5523
1.6000,0.3200,0.6000,-0.2939,148.5416,308.9580,-74.8890,124.5936,151.7813,-504.4660,126.7839,152.0803,-521.3065
1.6167,0.3233,0.6000,-0.3346,150.2876,308.9580,-89.7161,125.5344,151.9028,-504.2248,127.7298,152.1864,-503.6620
1.6333,0.3267,0.6000,-0.3716,152.0362,308.9580,-103.7184,126.4775,152.0181,-496.7346,128.6779,152.2869,-479.2574
1.6500,0.3300,0.6000,-0.4045,153.7873,308.9580,-116.6943,127.4227,152.1273,-482.1203,129.6283,152.3821,-448.0204
1.6667,0.3333,0.6000,-0.4330,155.5411,308.9580,-128.4478,128.3701,152.2308,-460.5401,130.5808,152.4723,-410.1864
1.6833,0.3367,0.6000,-0.4568,157.2974,308.9580,-138.7898,129.3198,152.3288,-432.1379,131.5356,152.5576,-365.8659
1.7000,0.3400,0.6000,-0.4755,159.0565,308.9580,-147.5427,130.2716,152.4217,-397.1265,132.4926,152.6385,-315.4333
1.7167,0.3433,0.6000,-0.4891,160.8182,308.9580,-154.5480,131.2257,152.5098,-355.8401,133.4518,152.7151,-259.5052
1.7333,0.3467,0.6000,-0.4973,162.5827,308.9580,-159.6729,132.1820,152.5931,-308.7768,134.4134,152.7877,-198.9623
1.7500,0.3500,0.6000,-0.5000,164.3499,308.9580,-162.8172,133.1405,152.6721,-256.6174,135.3771,152.8565,-134.9122
1.7667,0.3533,0.6000,-0.4973,166.1199,308.9580,-163.9185,134.1013,152.7470,-200.2229,136.3432,152.9216,-68.6357
1.7833,0.3567,0.6000,-0.4891,167.8926,308.9580,-162.9556,135.0644,152.8179,-140.6105,137.3116,152.9833,-1.5149
1.8000,0.3600,0.6000,-0.4755,169.6683,308.9580,-159.9499,136.0298,152.8850,-78.9116,138.2822,153.0417,65.0524
1.8167,0.3633,0.6000,-0.4568,171.4467,308.9580,-154.9635,136.9974,152.9486,-16.3117,139.2552,153.0971,129.7548
1.8333,0.3667,0.6000,-0.4330,173.2281,308.9580,-148.0959,137.9673,153.0089,46.0021,140.2306,153.1495,191.4009
1.8500,0.3700,0.6000,-0.4045,175.0124,308.9580,-139.4785,138.9396,153.0660,106.9012,141.2082,153.1992,248.9990
1.8667,0.3733,0.6000,-0.3716,176.7996,308.9580,-129.2672,139.9142,153.1201,165.3696,142.1882,153.2463,301.7960
1.8833,0.3767,0.6000,-0.3346,178.5898,308.9580,-117.6348,140.8911,153.1713,220.5493,143.1706,153.2908,349.3019
1.9000,0.3800,0.6000,-0.2939,180.3830,308.9580,-104.7627,141.8704,153.2198,271.7709,144.1554,153.3331,391.2880
1.9167,0.3833,0.6000,-0.2500,182.1792,308.9580,-90.8336,142.8520,153.2658,318.5685,145.1425,153.3731,427.7629
1.9333,0.3867,0.6000,-0.2034,183.9785,308.9580,-76.0248,143.8360,153.3093,360.6763,146.1320,153.4110,458.9277
1.9500,0.3900,0.6000,-0.1545,185.7809,308.9580,-60.5044,144.8224,153.3506,398.0081,147.1240,153.4468,485.1158
1.9667,0.3933,0.6000,-0.1040,187.5864,308.9580,-44.4277,145.8112,153.3897,430.6224,148.1184,153.4808,506.7222
1.9833,0.3967,0.6000,-0.0523,189.3950,308.9580,-27.9376,146.8024,153.4267,458.6752,149.1152,153.5131,524.1317
2.0000,0.4000,0.6000,-0.0000,191.2068,308.9580,-14.3437,147.7961,153.4617,438.0938,150.1145,153.5436,390.0705
2.0167,0.4000,0.6000,0.0523,192.1370,308.9580,-2.2366,136.4717,153.4950,417.3564,110.0483,153.5725,368.9692
2.0333,0.4000,0.6000,0.1040,192.6146,308.9580,12.2154,126.2895,153.5264,439.7621,102.5309,153.5998,492.0422
2.0500,0.4000,0.6000,0.1545,192.8598,308.9580,27.7435,117.0359,153.5562,461.8773,95.4441,153.6258,513.4794
2.0667,0.4000,0.6000,0.2034,192.9857,308.9580,43.6333,110.0274,153.5845,483.0264,93.6742,153.6504,532.3743
2.0833,0.4000,0.6000,0.2500,193.0503,308.9580,59.4487,104.8545,153.6112,497.2968,92.7844,153.6736,530.5942
2.1000,0.4000,0.6000,0.2939,193.0835,308.9580,74.8890,101.2325,153.6366,504.5116,92.7811,153.6957,521.3462
2.1167,0.4000,0.6000,0.3346,193.1005,308.9580,89.7161,98.7532,153.6606,504.2680,92.9684,153.7166,503.6996
2.1333,0.4000,0.6000,0.3716,193.1093,308.9580,103.7184,97.1027,153.6833,496.7755,93.2515,153.7363,479.2931
2.1500,0.4000,0.6000,0.4045,193.1138,308.9580,116.6943,96.0292,153.7048,482.1591,93.5242,153.7551,448.0542
2.1667,0.4000,0.6000,0.4330,193.1161,308.9580,128.4478,95.3513,153.7252,460.5769,93.7695,153.7728,410.2184
2.1833,0.4000,0.6000,0.4568,193.1173,308.9580,138.7898,94.9398,153.7446,432.1727,93.9796,153.7896,365.8963
2.2000,0.4000,0.6000,0.4755,193.1179,308.9580,147.5427,94.7055,153.7629,397.1596,94.1588,153.8056,315.4622
2.2167,0.4000,0.6000,0.4891,193.1182,308.9580,154.5480,94.5875,153.7802,355.8714,94.3122,153.8207,259.5325
2.2333,0.4000,0.6000,0.4973,193.1183,308.9580,159.6729,94.5449,153.7966,308.8065,94.4455,153.8350,198.9882
2.2500,0.4000,0.6000,0.5000,193.1184,308.9580,162.8172,94.5503,153.8122,256.6456,94.5630,153.8485,134.9367
2.2667,0.4000,0.6000,0.4973,193.1185,308.9580,163.9185,94.5857,153.8269,200.2496,94.6682,153.8613,68.6589
2.2833,0.4000,0.6000,0.4891,193.1185,308.9580,162.9556,94.6391,153.8409,140.6358,94.7636,153.8735,1.5370
2.3000,0.4000,0.6000,0.4755,193.1185,308.9580,159.9499,94.7027,153.8541,78.9356,94.8512,153.8850,-65.0316
2.3167,0.4000,0.6000,0.4568,193.1185,308.9580,154.9635,94.7716,153.8667,16.3344,94.9323,153.8959,-129.7351
2.3333,0.4000,0.6000,0.4330,193.1185,308.9580,148.0959,94.8424,153.8785,-45.9806,95.0078,153.9062,-191.3822
2.3500,0.4000,0.6000,0.4045,193.1185,308.9580,139.4785,94.9132,153.8898,-106.8808,95.0784,153.9160,-248.9812
2.3667,0.4000,0.6000,0.3716,193.1185,308.9580,129.2672,94.9827,153.9004,-165.3503,95.1448,153.9253,-301.7792
2.3833,0.4000,0.6000,0.3346,193.1185,308.9580,117.6348,95.0501,153.9105,-220.5310,95.2073,153.9341,-349.2860
2.4000,0.4000,0.6000,0.2939,193.1185,308.9580,104.7627,95.1149,153.9201,-271.7536,95.2663,153.9424,-391.2729
2.4167,0.4000,0.6000,0.2500,193.1185,308.9580,90.8336,95.1771,153.9291,-318.5521,95.3220,153.9503,-427.7486
2.4333,0.4000,0.6000,0.2034,193.1185,308.9580,76.0248,95.2363,153.9377,-360.6607,95.3747,153.9577,-458.9142
2.4500,0.4000,0.6000,0.1545,193.1185,308.9580,60.5044,95.2928,153.9458,-397.9934,95.4245,153.9648,-485.1029
2.4667,0.4000,0.6000,0.1040,193.1185,308.9580,44.4277,95.3464,153.9535,-430.6084,95.4716,153.9715,-506.7100
2.4833,0.4000,0.6000,0.0523,193.1185,308.9580,27.9376,95.3974,153.9608,-458.6619,95.5163,153.9778,-524.1202
2.5000,0.4000,0.6000,0.0000,193.1185,308.9580,14.3437,95.4457,153.9677,-438.0812,95.5585,153.9838,-390.0595
2.5167,0.4000,0.6000,-0.0523,193.1185,308.9580,2.2366,95.4916,153.9743,-417.3445,95.5985,153.9895,-368.9588
2.5333,0.4000,0.6000,-0.1040,193.1185,308.9580,-12.2154,95.5350,153.9805,-439.7509,95.6364,153.9949,-492.0324
2.5500,0.4000,0.6000,-0.1545,193.1185,308.9580,-27.7435,95.5762,153.9863,-461.8666,95.6723,154.0000,-513.4701
2.5667,0.4000,0.6000,-0.2034,193.1185,308.9580,-43.6333,95.6153,153.9919,-483.0163,95.7064,154.0049,-532.3654
2.5833,0.4000,0.6000,-0.2500,193.1185,308.9580,-59.4487,95.6523,153.9972,-497.2871,95.7386,154.0095,-530.5859
2.6000,0.4000,0.6000,-0.2939,193.1185,308.9580,-74.8890,95.6873,154.0022,-504.5025,95.7691,154.0138,-521.3383
2.6167,0.4000,0.6000,-0.3346,193.1185,308.9580,-89.7161,95.7205,154.0069,-504.2594,95.7980,154.0179,-503.6921
2.6333,0.4000,0.6000,-0.3716,193.1185,308.9580,-103.7184,95.7520,154.0114,-496.7673,95.8253,154.0218,-479.2859
2.6500,0.4000,0.6000,-0.4045,193.1185,308.9580,-116.6943,95.7818,154.0156,-482.1514,95.8513,154.0255,-448.0475
2.6667,0.4000,0.6000,-0.4330,193.1185,308.9580,-128.4478,95.8100,154.0196,-460.5696,95.8758,154.0290,-410.2120
2.6833,0.4000,0.6000,-0.4568,193.1185,308.9580,-138.7898,95.8367,154.0234,-432.1658,95.8991,154.0323,-365.8902
2.7000,0.4000,0.6000,-0.4755,193.1185,308.9580,-147.5427,95.8621,154.0270,-397.1529,95.9212,154.0355,-315.4564
2.7167,0.4000,0.6000,-0.4891,193.1185,308.9580,-154.5480,95.8860,154.0305,-355.8652,95.9420,154.0384,-259.5270
2.7333,0.4000,0.6000,-0.4973,193.1185,308.9580,-159.6729,95.9088,154.0337,-308.8005,95.9618,154.0412,-198.9831
2.7500,0.4000,0.6000,-0.5000,193.1185,308.9580,-162.8172,95.9303,154.0368,-256.6399,95.9806,154.0439,-134.9318
2.7667,0.4000,0.6000,-0.4973,193.1185,308.9580,-163.9185,95.9507,154.0397,-200.2442,95.9983,154.0464,-68.6543
2.7833,0.4000,0.6000,-0.4891,193.1185,308.9580,-162.9556,95.9700,154.0424,-140.6307,96.0151,154.0488,-1.5326
2.8000,0.4000,0.6000,-0.4755,193.1185,308.9580,-159.9499,95.9883,154.0450,-78.9308,96.0310,154.0511,65.0357
2.8167,0.4000,0.6000,-0.4568,193.1185,308.9580,-154.9635,96.0057,154.0475,-16.3298,96.0461,154.0532,129.7390
2.8333,0.4000,0.6000,-0.4330,193.1185,308.9580,-148.0959,96.0221,154.0498,45.9849,96.0604,154.0553,191.3859
2.8500,0.4000,0.6000,-0.4045,193.1185,308.9580,-139.4785,96.0377,154.0520,106.8849,96.0740,154.0572,248.9848
2.8667,0.4000,0.6000,-0.3716,193.1185,308.9580,-129.2672,96.0524,154.0541,165.3542,96.0868,154.0590,301.7825
2.8833,0.4000,0.6000,-0.3346,193.1185,308.9580,-117.6348,96.0664,154.0561,220.5347,96.0989,154.0608,349.2892
2.9000,0.4000,0.6000,-0.2939,193.1185,308.9580,-104.7627,96.0796,154.0580,271.7570,96.1104,154.0624,391.2759
2.9167,0.4000,0.6000,-0.2500,193.1185,308.9580,-90.8336,96.0921,154.0598,318.5554,96.1214,154.0639,427.7514
2.9333,0.4000,0.6000,-0.2034,193.1185,308.9580,-76.0248,96.1040,154.0615,360.6638,96.1317,154.0654,458.9169
2.9500,0.4000,0.6000,-0.1545,193.1185,308.9580,-60.5044,96.1152,154.0631,397.9963,96.1415,154.0668,485.1055
2.9667,0.4000,0.6000,-0.1040,193.1185,308.9580,-44.4277,96.1259,154.0646,430.6112,96.1507,154.0681,506.7125
2.9833,0.4000,0.6000,-0.0523,193.1185,308.9580,-27.9376,96.1360,154.0660,458.6646,96.1595,154.0694,524.1225
3.0000,0.4000,0.6000,-0.0000,193.1185,308.9580,-14.3437,96.1455,154.0674,438.0837,96.1678,154.0706,390.0617
3.0167,0.4000,0.6000,0.0523,193.1185,308.9580,-2.2366,96.1546,154.0687,417.3469,96.1757,154.0717,368.9609
3.0333,0.4000,0.6000,0.1040,193.1185,308.9580,12.2154,96.1632,154.0699,439.7531,96.1832,154.0727,492.0343
3.0500,0.4000,0.6000,0.1545,193.1185,308.9580,27.7435,96.1713,154.0711,461.8688,96.1902,154.0738,513.4720
3.0667,0.4000,0.6000,0.2034,193.1185,308.9580,43.6333,96.1790,154.0722,483.0183,96.1969,154.0747,532.3672
3.0833,0.4000,0.6000,0.2500,193.1185,308.9580,59.4487,96.1863,154.0732,497.2891,96.2033,154.0756,530.5875
3.1000,0.4000,0.6000,0.2939,193.1185,308.9580,74.8890,96.1932,154.0742,504.5043,96.2093,154.0765,521.3399
3.1167,0.4000,0.6000,0.3346,193.1185,308.9580,89.7161,96.1997,154.0751,504.2611,96.2150,154.0773,503.6936
3.1333,0.4000,0.6000,0.3716,193.1185,308.9580,103.7184,96.2059,154.0760,496.7690,96.2204,154.0780,479.2874
3.1500,0.4000,0.6000,0.4045,193.1185,308.9580,116.6943,96.2118,154.0768,482.1529,96.2255,154.0788,448.0488
3.1667,0.4000,0.6000,0.4330,193.1185,308.9580,128.4478,96.2173,154.0776,460.5710,96.2303,154.0795,410.2133
3.1833,0.4000,0.6000,0.4568,193.1185,308.9580,138.7898,96.2226,154.0784,432.1672,96.2349,154.0801,365.8914
3.2000,0.4000,0.6000,0.4755,193.1185,308.9580,147.5427,96.2276,154.0791,397.1543,96.2392,154.0807,315.4575
3.2167,0.4000,0.6000,0.4891,193.1185,308.9580,154.5480,96.2323,154.0797,355.8664,96.2433,154.0813,259.5281
3.2333,0.4000,0.6000,0.4973,193.1185,308.9580,159.6729,96.2368,154.0804,308.8017,96.2472,154.0819,198.9841
3.2500,0.4000,0.6000,0.5000,193.1185,308.9580,162.8172,96.2410,154.0810,256.6411,96.2509,154.0824,134.9328
3.2667,0.4000,0.6000,0.4973,193.1185,308.9580,163.9185,96.2451,154.0816,200.2453,96.2544,154.0829,68.6552
3.2833,0.4000,0.6000,0.4891,193.1185,308.9580,162.9556,96.2489,154.0821,140.6317,96.2577,154.0834,1.5334
3.3000,0.4000,0.6000,0.4755,193.1185,308.9580,159.9499,96.2525,154.0826,78.9318,96.2609,154.0838,-65.0349
3.3167,0.4000,0.6000,0.4568,193.1185,308.9580,154.9635,96.2559,154.0831,16.3308,96.2639,154.0842,-129.7382
3.3333,0.4000,0.6000,0.4330,193.1185,308.9580,148.0959,96.2591,154.0836,-45.9840,96.2667,154.0846,-191.3852
3.3500,0.4000,0.6000,0.4045,193.1185,308.9580,139.4785,96.2622,154.0840,-106.8840,96.2693,154.0850,-248.9841
3.3667,0.4000,0.6000,0.3716,193.1185,308.9580,129.2672,96.2651,154.0844,-165.3534,96.2719,154.0854,-301.7819
3.3833,0.4000,0.6000,0.3346,193.1185,308.9580,117.6348,96.2678,154.0848,-220.5339,96.2743,154.0857,-349.2885
3.4000,0.4000,0.6000,0.2939,193.1185,308.9580,104.7627,96.2704,154.0852,-271.7564,96.2765,154.0860,-391.2753
3.4167,0.4000,0.6000,0.2500,193.1185,308.9580,90.8336,96.2729,154.0855,-318.5547,96.2787,154.0863,-427.7509
3.4333,0.4000,0.6000,0.2034,193.1185,308.9580,76.0248,96.2752,154.0859,-360.6632,96.2807,154.0866,-458.9163
3.4500,0.4000,0.6000,0.1545,193.1185,308.9580,60.5044,96.2775,154.0862,-397.9957,96.2826,154.0869,-485.1050
3.4667,0.4000,0.6000,0.1040,193.1185,308.9580,44.4277,96.2796,154.0865,-430.6106,96.2845,154.0872,-506.7120
3.4833,0.4000,0.6000,0.0523,193.1185,308.9580,27.9376,96.2815,154.0868,-458.6640,96.2862,154.0874,-524.1220
3.5000,0.4000,0.6000,0.0000,193.1185,308.9580,14.3437,96.2834,154.0870,-438.0832,96.2878,154.0876,-390.0613
3.5167,0.4000,0.6000,-0.0523,193.1185,308.9580,2.2366,96.2852,154.0873,-417.3464,96.2894,154.0879,-368.9605
3.5333,0.4000,0.6000,-0.1040,193.1185,308.9580,-12.2154,96.2869,154.0875,-439.7527,96.2908,154.0881,-492.0339
3.5500,0.4000,0.6000,-0.1545,193.1185,308.9580,-27.7435,96.2885,154.0877,-461.8683,96.2922,154.0883,-513.4716
3.5667,0.4000,0.6000,-0.2034,193.1185,308.9580,-43.6333,96.2900,154.0880,-483.0179,96.2936,154.0885,-532.3669
3.5833,0.4000,0.6000,-0.2500,193.1185,308.9580,-59.4487,96.2915,154.0882,-497.2887,96.2948,154.0886,-530.5872
3.6000,0.4000,0.6000,-0.2939,193.1185,308.9580,-74.8890,96.2928,154.0884,-504.5039,96.2960,154.0888,-521.3396
3.6167,0.4000,0.6000,-0.3346,193.1185,308.9580,-89.7161,96.2941,154.0885,-504.2608,96.2971,154.0890,-503.6933
3.6333,0.4000,0.6000,-0.3716,193.1185,308.9580,-103.7184,96.2953,154.0887,-496.7686,96.2982,154.0891,-479.2871
3.6500,0.4000,0.6000,-0.4045,193.1185,308.9580,-116.6943,96.2965,154.0889,-482.1526,96.2992,154.0893,-448.0485
3.6667,0.4000,0.6000,-0.4330,193.1185,308.9580,-128.4478,96.2976,154.0890,-460.5707,96.3001,154.0894,-410.2130
3.6833,0.4000,0.6000,-0.4568,193.1185,308.9580,-138.7898,96.2986,154.0892,-432.1669,96.3010,154.0895,-365.8912
3.7000,0.4000,0.6000,-0.4755,193.1185,308.9580,-147.5427,96.2996,154.0893,-397.1540,96.3019,154.0896,-315.4573
3.7167,0.4000,0.6000,-0.4891,193.1185,308.9580,-154.5480,96.3005,154.0895,-355.8662,96.3027,154.0898,-259.5279
3.7333,0.4000,0.6000,-0.4973,193.1185,308.9580,-159.6729,96.3014,154.0896,-308.8015,96.3035,154.0899,-198.9839
3.7500,0.4000,0.6000,-0.5000,193.1185,308.9580,-162.8172,96.3022,154.0897,-256.6408,96.3042,154.0900,-134.9326
3.7667,0.4000,0.6000,-0.4973,193.1185,308.9580,-163.9185,96.3030,154.0898,-200.2451,96.3049,154.0901,-68.6550
3.7833,0.4000,0.6000,-0.4891,193.1185,308.9580,-162.9556,96.3038,154.0899,-140.6315,96.3055,154.0902,-1.5333
3.8000,0.4000,0.6000,-0.4755,193.1185,308.9580,-159.9499,96.3045,154.0900,-78.9316,96.3061,154.0903,65.0351
3.8167,0.4000,0.6000,-0.4568,193.1185,308.9580,-154.9635,96.3052,154.0901,-16.3306,96.3067,154.0903,129.7384
3.8333,0.4000,0.6000,-0.4330,193.1185,308.9580,-148.0959,96.3058,154.0902,45.9842,96.3073,154.0904,191.3853
3.8500,0.4000,0.6000,-0.4045,193.1185,308.9580,-139.4785,96.3064,154.0903,106.8842,96.3078,154.0905,248.9842
3.8667,0.4000,0.6000,-0.3716,193.1185,308.9580,-129.2672,96.3070,154.0904,165.3535,96.3083,154.0906,301.7820
3.8833,0.4000,0.6000,-0.3346,193.1185,308.9580,-117.6348,96.3075,154.0905,220.5341,96.3088,154.0906,349.2887
3.9000,0.4000,0.6000,-0.2939,193.1185,308.9580,-104.7627,96.3080,154.0905,271.7565,96.3092,154.0907,391.2755
3.9167,0.4000,0.6000,-0.2500,193.1185,308.9580,-90.8336,96.3085,154.0906,318.5548,96.3097,154.0908,427.7510
3.9333,0.4000,0.6000,-0.2034,193.1185,308.9580,-76.0248,96.3090,154.0907,360.6633,96.3101,154.0908,458.9164
3.9500,0.4000,0.6000,-0.1545,193.1185,308.9580,-60.5044,96.3094,154.0907,397.9959,96.3104,154.0909,485.1051
3.9667,0.4000,0.6000,-0.1040,193.1185,308.9580,-44.4277,96.3098,154.0908,430.6107,96.3108,154.0909,506.7121
3.9833,0.4000,0.6000,-0.0523,193.1185,308.9580,-27.9376,96.3102,154.0908,458.6641,96.3111,154.0910,524.1221
4.0000,0.4000,0.6000,-0.0000,193.1185,308.9580,-14.3437,96.3106,154.0909,438.0833,96.3115,154.0910,390.0614
4.0167,0.4000,0.6000,0.0523,193.1185,308.9580,-2.2366,96.3109,154.0909,417.3465,96.3118,154.0911,368.9606
4.0333,0.4000,0.6000,0.1040,193.1185,308.9580,12.2154,96.3113,154.0910,439.7528,96.3121,154.0911,492.0340
4.0500,0.4000,0.6000,0.1545,193.1185,308.9580,27.7435,96.3116,154.0910,461.8684,96.3123,154.0911,513.4717
4.0667,0.4000,0.6000,0.2034,193.1185,308.9580,43.6333,96.3119,154.0911,483.0180,96.3126,154.0912,532.3669
4.0833,0.4000,0.6000,0.2500,193.1185,308.9580,59.4487,96.3122,154.0911,497.2888,96.3128,154.0912,530.5873
4.1000,0.4000,0.6000,0.2939,193.1185,308.9580,74.8890,96.3124,154.0912,504.5040,96.3131,154.0912,521.3396
4.1167,0.4000,0.6000,0.3346,193.1185,308.9580,89.7161,96.3127,154.0912,504.2608,96.3133,154.0913,503.6934
4.1333,0.4000,0.6000,0.3716,193.1185,308.9580,103.7184,96.3129,154.0912,496.7687,96.3135,154.0913,479.2871
4.1500,0.4000,0.6000,0.4045,193.1185,308.9580,116.6943,96.3132,154.0913,482.1527,96.3137,154.0913,448.0486
4.1667,0.4000,0.6000,0.4330,193.1185,308.9580,128.4478,96.3134,154.0913,460.5708,96.3139,154.0914,410.2131
4.1833,0.4000,0.6000,0.4568,193.1185,308.9580,138.7898,96.3136,154.0913,432.1669,96.3141,154.0914,365.8912
4.2000,0.4000,0.6000,0.4755,193.1185,308.9580,147.5427,96.3138,154.0913,397.1541,96.3142,154.0914,315.4574
4.2167,0.4000,0.6000,0.4891,193.1185,308.9580,154.5480,96.3140,154.0914,355.8662,96.3144,154.0914,259.5280
4.2333,0.4000,0.6000,0.4973,193.1185,308.9580,159.6729,96.3141,154.0914,308.8015,96.3145,154.0914,198.9839
4.2500,0.4000,0.6000,0.5000,193.1185,308.9580,162.8172,96.3143,154.0914,256.6409,96.3147,154.0915,134.9326
4.2667,0.4000,0.6000,0.4973,193.1185,308.9580,163.9185,96.3145,154.0914,200.2451,96.3148,154.0915,68.6551
4.2833,0.4000,0.6000,0.4891,193.1185,308.9580,162.9556,96.3146,154.0915,140.6316,96.3149,154.0915,1.5333
4.3000,0.4000,0.6000,0.4755,193.1185,308.9580,159.9499,96.3147,154.0915,78.9316,96.3151,154.0915,-65.0350
4.3167,0.4000,0.6000,0.4568,193.1185,308.9580,154.9635,96.3149,154.0915,16.3306,96.3152,154.0915,-129.7384
4.3333,0.4000,0.6000,0.4330,193.1185,308.9580,148.0959,96.3150,154.0915,-45.9842,96.3153,154.0916,-191.3853
4.3500,0.4000,0.6000,0.4045,193.1185,308.9580,139.4785,96.3151,154.0915,-106.8842,96.3154,154.0916,-248.9842
4.3667,0.4000,0.6000,0.3716,193.1185,308.9580,129.2672,96.3152,154.0915,-165.3535,96.3155,154.0916,-301.7820
4.3833,0.4000,0.6000,0.3346,193.1185,308.9580,117.6348,96.3153,154.0916,-220.5340,96.3156,154.0916,-349.2886
4.4000,0.4000,0.6000,0.2939,193.1185,308.9580,104.7627,96.3154,154.0916,-271.7565,96.3157,154.0916,-391.2754
4.4167,0.4000,0.6000,0.2500,193.1185,308.9580,90.8336,96.3155,154.0916,-318.5548,96.3158,154.0916,-427.7510
4.4333,0.4000,0.6000,0.2034,193.1185,308.9580,76.0248,96.3156,154.0916,-360.6633,96.3158,154.0916,-458.9164
4.4500,0.4000,0.6000,0.1545,193.1185,308.9580,60.5044,96.3157,154.0916,-397.9958,96.3159,154.0916,-485.1051
4.4667,0.4000,0.6000,0.1040,193.1185,308.9580,44.4277,96.3158,154.0916,-430.6107,96.3160,154.0917,-506.7121
4.4833,0.4000,0.6000,0.0523,193.1185,308.9580,27.9376,96.3159,154.0916,-458.6641,96.3160,154.0917,-524.1221
4.5000,0.4000,0.6000,0.0000,193.1185,308.9580,14.3437,96.3159,154.0916,-438.0833,96.3161,154.0917,-390.0614
4.5167,0.4000,0.6000,-0.0523,193.1185,308.9580,2.2366,96.3160,154.0917,-417.3465,96.3162,154.0917,-368.9606
4.5333,0.4000,0.6000,-0.1040,193.1185,308.9580,-12.2154,96.3161,154.0917,-439.7527,96.3162,154.0917,-492.0340
4.5500,0.4000,0.6000,-0.1545,193.1185,308.9580,-27.7435,96.3161,154.0917,-461.8684,96.3163,154.0917,-513.4717
4.5667,0.4000,0.6000,-0.2034,193.1185,308.9580,-43.6333,96.3162,154.0917,-483.0180,96.3163,154.0917,-532.3669
4.5833,0.4000,0.6000,-0.2500,193.1185,308.9580,-59.4487,96.3163,154.0917,-497.2887,96.3164,154.0917,-530.5872
4.6000,0.4000,0.6000,-0.2939,193.1185,308.9580,-74.8890,96.3163,154.0917,-504.5040,96.3164,154.0917,-521.3396
4.6167,0.4000,0.6000,-0.3346,193.1185,308.9580,-89.7161,96.3164,154.0917,-504.2608,96.3165,154.0917,-503.6933
4.6333,0.4000,0.6000,-0.3716,193.1185,308.9580,-103.7184,96.3164,154.0917,-496.7687,96.3165,154.0917,-479.2871
4.6500,0.4000,0.6000,-0.4045,193.1185,308.9580,-116.6943,96.3164,154.0917,-482.1527,96.3166,154.0917,-448.0486
4.6667,0.4000,0.6000,-0.4330,193.1185,308.9580,-128.4478,96.3165,154.0917,-460.5708,96.3166,154.0917,-410.2131
4.6833,0.4000,0.6000,-0.4568,193.1185,308.9580,-138.7898,96.3165,154.0917,-432.1669,96.3166,154.0917,-365.8912
4.7000,0.4000,0.6000,-0.4755,193.1185,308.9580,-147.5427,96.3166,154.0917,-397.1540,96.3167,154.0918,-315.4573
4.7167,0.4000,0.6000,-0.4891,193.1185,308.9580,-154.5480,96.3166,154.0917,-355.8662,96.3167,154.0918,-259.5279
4.7333,0.4000,0.6000,-0.4973,193.1185,308.9580,-159.6729,96.3166,154.0917,-308.8015,96.3167,154.0918,-198.9839
4.7500,0.4000,0.6000,-0.5000,193.1185,308.9580,-162.8172,96.3167,154.0918,-256.6409,96.3167,154.0918,-134.9326
4.7667,0.4000,0.6000,-0.4973,193.1185,308.9580,-163.9185,96.3167,154.0918,-200.2451,96.3168,154.0918,-68.6551
4.7833,0.4000,0.6000,-0.4891,193.1185,308.9580,-162.9556,96.3167,154.0918,-140.6316,96.3168,154.0918,-1.5333
4.8000,0.4000,0.6000,-0.4755,193.1185,308.9580,-159.9499,96.3168,154.0918,-78.9316,96.3168,154.0918,65.0350
4.8167,0.4000,0.6000,-0.4568,193.1185,308.9580,-154.9635,96.3168,154.0918,-16.3306,96.3168,154.0918,129.7384
4.8333,0.4000,0.6000,-0.4330,193.1185,308.9580,-148.0959,96.3168,154.0918,45.9842,96.3169,154.0918,191.3853
4.8500,0.4000,0.6000,-0.4045,193.1185,308.9580,-139.4785,96.3168,154.0918,106.8842,96.3169,154.0918,248.9842
4.8667,0.4000,0.6000,-0.3716,193.1185,308.9580,-129.2672,96.3169,154.0918,165.3535,96.3169,154.0918,301.7820
4.8833,0.4000,0.6000,-0.3346,193.1185,308.9580,-117.6348,96.3169,154.0918,220.5341,96.3169,154.0918,349.2886
4.9000,0.4000,0.6000,-0.2939,193.1185,308.9580,-104.7627,96.3169,154.0918,271.7565,96.3169,154.0918,391.2754
4.9167,0.4000,0.6000,-0.2500,193.1185,308.9580,-90.8336,96.3169,154.0918,318.5548,96.3170,154.0918,427.7510
4.9333,0.4000,0.6000,-0.2034,193.1185,308.9580,-76.0248,96.3169,154.0918,360.6633,96.3170,154.0918,458.9164
4.9500,0.4000,0.6000,-0.1545,193.1185,308.9580,-60.5044,96.3169,154.0918,397.9958,96.3170,154.0918,485.1051
4.9667,0.4000,0.6000,-0.1040,193.1185,308.9580,-44.4277,96.3170,154.0918,430.6107,96.3170,154.0918,506.7121
4.9833,0.4000,0.6000,-0.0523,193.1185,308.9580,-27.9376,96.3170,154.0918,458.6641,96.3170,154.0918,524.1221
